{successful_login=false; ip_address=129.16.0.2; timestamp=1724059620676584}|{successful_login=false; ip_address=129.16.0.2; timestamp=1724059625222430}|{successful_login=false; ip_address=129.16.0.2; timestamp=1724059625337190}|{successful_login=false; ip_address=129.16.0.2; timestamp=1724059625453243}|{successful_login=false; ip_address=129.16.0.2; timestamp=1724059717027103}|{successful_login=false; ip_address=129.16.0.2; timestamp=1724059795559258}|{successful_login=false; ip_address=129.16.0.2; timestamp=1724059795672501}|{successful_login=false; ip_address=129.16.0.2; timestamp=1724059795789576}|{successful_login=false; ip_address=129.16.0.2; timestamp=1724059933695980}|{successful_login=true; ip_address=129.16.0.2; timestamp=1724059933840020}|
{successful_login=false; ip_address=129.16.0.2; timestamp=1724059625222430}|{successful_login=false; ip_address=129.16.0.2; timestamp=1724059625337190}|{successful_login=false; ip_address=129.16.0.2; timestamp=1724059625453243}|{successful_login=false; ip_address=129.16.0.2; timestamp=1724059717027103}|{successful_login=false; ip_address=129.16.0.2; timestamp=1724059795559258}|{successful_login=false; ip_address=129.16.0.2; timestamp=1724059795672501}|{successful_login=false; ip_address=129.16.0.2; timestamp=1724059795789576}|{successful_login=false; ip_address=129.16.0.2; timestamp=1724059933695980}|{successful_login=true; ip_address=129.16.0.2; timestamp=1724059933840020}|
{successful_login=false; ip_address=129.16.0.2; timestamp=1724059625337190}|{successful_login=false; ip_address=129.16.0.2; timestamp=1724059625453243}|{successful_login=false; ip_address=129.16.0.2; timestamp=1724059717027103}|{successful_login=false; ip_address=129.16.0.2; timestamp=1724059795559258}|{successful_login=false; ip_address=129.16.0.2; timestamp=1724059795672501}|{successful_login=false; ip_address=129.16.0.2; timestamp=1724059795789576}|{successful_login=false; ip_address=129.16.0.2; timestamp=1724059933695980}|{successful_login=true; ip_address=129.16.0.2; timestamp=1724059933840020}|
{successful_login=false; ip_address=129.16.0.2; timestamp=1724059625453243}|{successful_login=false; ip_address=129.16.0.2; timestamp=1724059717027103}|{successful_login=false; ip_address=129.16.0.2; timestamp=1724059795559258}|{successful_login=false; ip_address=129.16.0.2; timestamp=1724059795672501}|{successful_login=false; ip_address=129.16.0.2; timestamp=1724059795789576}|{successful_login=false; ip_address=129.16.0.2; timestamp=1724059933695980}|{successful_login=true; ip_address=129.16.0.2; timestamp=1724059933840020}|
{successful_login=false; ip_address=129.16.0.2; timestamp=1724059717027103}|{successful_login=false; ip_address=129.16.0.2; timestamp=1724059795559258}|{successful_login=false; ip_address=129.16.0.2; timestamp=1724059795672501}|{successful_login=false; ip_address=129.16.0.2; timestamp=1724059795789576}|{successful_login=false; ip_address=129.16.0.2; timestamp=1724059933695980}|{successful_login=true; ip_address=129.16.0.2; timestamp=1724059933840020}|
{successful_login=false; ip_address=129.16.0.2; timestamp=1724059795559258}|{successful_login=false; ip_address=129.16.0.2; timestamp=1724059795672501}|{successful_login=false; ip_address=129.16.0.2; timestamp=1724059795789576}|{successful_login=false; ip_address=129.16.0.2; timestamp=1724059933695980}|{successful_login=true; ip_address=129.16.0.2; timestamp=1724059933840020}|
{successful_login=false; ip_address=129.16.0.2; timestamp=1724059795672501}|{successful_login=false; ip_address=129.16.0.2; timestamp=1724059795789576}|{successful_login=false; ip_address=129.16.0.2; timestamp=1724059933695980}|{successful_login=true; ip_address=129.16.0.2; timestamp=1724059933840020}|
{successful_login=false; ip_address=129.16.0.2; timestamp=1724059795789576}|{successful_login=false; ip_address=129.16.0.2; timestamp=1724059933695980}|{successful_login=true; ip_address=129.16.0.2; timestamp=1724059933840020}|
{successful_login=false; ip_address=129.16.0.2; timestamp=1724059933695980}|{successful_login=true; ip_address=129.16.0.2; timestamp=1724059933840020}|
{successful_login=false; ip_address=87.71.23.245; timestamp=1723745605740365}|{successful_login=false; ip_address=87.71.23.245; timestamp=1723745935463388}|{successful_login=false; ip_address=87.71.23.245; timestamp=1723745975865020}|{successful_login=false; ip_address=87.71.23.245; timestamp=1723745992354943}|{successful_login=false; ip_address=87.71.23.245; timestamp=1723746572783676}|{successful_login=false; ip_address=87.71.23.245; timestamp=1723746575591610}|{successful_login=true; ip_address=87.71.23.245; timestamp=1723748814931675}|
{successful_login=false; ip_address=87.71.23.245; timestamp=1723745935463388}|{successful_login=false; ip_address=87.71.23.245; timestamp=1723745975865020}|{successful_login=false; ip_address=87.71.23.245; timestamp=1723745992354943}|{successful_login=false; ip_address=87.71.23.245; timestamp=1723746572783676}|{successful_login=false; ip_address=87.71.23.245; timestamp=1723746575591610}|{successful_login=true; ip_address=87.71.23.245; timestamp=1723748814931675}|
{successful_login=false; ip_address=87.71.23.245; timestamp=1723745975865020}|{successful_login=false; ip_address=87.71.23.245; timestamp=1723745992354943}|{successful_login=false; ip_address=87.71.23.245; timestamp=1723746572783676}|{successful_login=false; ip_address=87.71.23.245; timestamp=1723746575591610}|{successful_login=true; ip_address=87.71.23.245; timestamp=1723748814931675}|
{successful_login=false; ip_address=87.71.23.245; timestamp=1723745992354943}|{successful_login=false; ip_address=87.71.23.245; timestamp=1723746572783676}|{successful_login=false; ip_address=87.71.23.245; timestamp=1723746575591610}|{successful_login=true; ip_address=87.71.23.245; timestamp=1723748814931675}|
{successful_login=false; ip_address=87.71.23.245; timestamp=1723746572783676}|{successful_login=false; ip_address=87.71.23.245; timestamp=1723746575591610}|{successful_login=true; ip_address=87.71.23.245; timestamp=1723748814931675}|
{successful_login=false; ip_address=87.71.23.245; timestamp=1723746575591610}|{successful_login=true; ip_address=87.71.23.245; timestamp=1723748814931675}|
{successful_login=false; ip_address=129.16.0.30; timestamp=1723822260841156}|{successful_login=true; ip_address=129.16.0.30; timestamp=1723822263347142}|
{successful_login=false; ip_address=129.16.0.30; timestamp=1723822265900092}|{successful_login=true; ip_address=129.16.0.30; timestamp=1723822266244531}|
{successful_login=false; ip_address=129.16.0.30; timestamp=1723822267216362}|{successful_login=true; ip_address=129.16.0.30; timestamp=1723822267673518}|
{successful_login=false; ip_address=129.16.0.30; timestamp=1723822278295494}|{successful_login=true; ip_address=129.16.0.30; timestamp=1723822278435834}|
